{"cameraMode":{"drawMode":0,"name":"Shaded","section":"Shading Mode"},"sceneLighting":false,"audioPlay":false,"sceneViewState":{"m_AlwaysRefresh":false,"showFog":true,"showSkybox":true,"showFlares":true,"showImageEffects":true,"showParticleSystems":true,"showVisualEffectGraphs":true,"m_FxEnabled":true},"in2DMode":false,"pivot":{"x":-3.6467151641845705,"y":-8.32655143737793,"z":-58.66526412963867},"rotation":{"x":-0.0008267613593488932,"y":-0.9962247610092163,"z":0.08720020949840546,"w":-0.008985375985503197},"size":34.12370300292969,"orthographic":false}